Timestamp,House_ID,Appliance,Appliance_Consumption_kWh,Priority_Level
2025-01-01 00:00:00,1,HVAC,0.8487317509697627,Medium
2025-01-01 01:00:00,1,Washing Machine,1.5441312546477923,Low
2025-01-01 02:00:00,1,Refrigerator,1.1263008887459764,Low
2025-01-01 03:00:00,1,Oven,0.5293514834011283,Low
2025-01-01 04:00:00,1,Lighting,1.7745822893514922,High
2025-01-01 05:00:00,2,HVAC,0.18083496355429934,Medium
2025-01-01 06:00:00,2,Washing Machine,1.4910100973859035,High
2025-01-01 07:00:00,2,Refrigerator,1.4071835885235398,Low
2025-01-01 08:00:00,2,Oven,0.8577371131333535,Medium
2025-01-01 09:00:00,2,Lighting,0.292996149282125,Low
2025-01-01 10:00:00,3,HVAC,1.734852021777743,Low
2025-01-01 11:00:00,3,Washing Machine,1.820660487501964,Medium
2025-01-01 12:00:00,3,Refrigerator,1.9658468588213243,Medium
2025-01-01 13:00:00,3,Oven,0.6527932662402492,Medium
2025-01-01 14:00:00,3,Lighting,1.7882347584256795,Low
2025-01-01 15:00:00,4,HVAC,1.607430449746315,Medium
2025-01-01 16:00:00,4,Washing Machine,0.1988087612662902,High
2025-01-01 17:00:00,4,Refrigerator,0.3362903474832871,Medium
2025-01-01 18:00:00,4,Oven,1.4434099436138448,Low
2025-01-01 19:00:00,4,Lighting,1.5757216293268166,High
2025-01-01 20:00:00,5,HVAC,0.926587083606513,Medium
2025-01-01 21:00:00,5,Washing Machine,0.2522508782288607,High
2025-01-01 22:00:00,5,Refrigerator,0.8563548293993627,High
2025-01-01 23:00:00,5,Oven,1.033377837179859,Low
2025-01-01 00:00:00,5,Lighting,1.3000586246679333,High
2025-01-01 01:00:00,1,HVAC,0.3413690834640548,Medium
2025-01-01 02:00:00,1,Washing Machine,1.2279543312311993,High
2025-01-01 03:00:00,1,Refrigerator,0.5452353494758443,High
2025-01-01 04:00:00,1,Oven,1.4964431120811197,Medium
2025-01-01 05:00:00,1,Lighting,1.7469351257332348,Low
2025-01-01 06:00:00,2,HVAC,0.9306984032926524,Low
2025-01-01 07:00:00,2,Washing Machine,0.4711151352634795,High
2025-01-01 08:00:00,2,Refrigerator,0.22983075401477085,Medium
2025-01-01 09:00:00,2,Oven,0.347907789146265,Medium
2025-01-01 10:00:00,2,Lighting,1.676943479818034,Low
2025-01-01 11:00:00,3,HVAC,1.7109035197957823,Low
2025-01-01 12:00:00,3,Washing Machine,0.8136007037085926,Medium
2025-01-01 13:00:00,3,Refrigerator,1.7388293531810444,Low
2025-01-01 14:00:00,3,Oven,0.7694100575699674,High
2025-01-01 15:00:00,3,Lighting,1.6700396719930772,High
2025-01-01 16:00:00,4,HVAC,0.7603223468918978,Low
2025-01-01 17:00:00,4,Washing Machine,1.8850932720403393,High
2025-01-01 18:00:00,4,Refrigerator,0.8782024047621267,Medium
2025-01-01 19:00:00,4,Oven,0.7206562750031721,Medium
2025-01-01 20:00:00,4,Lighting,0.7394360313267646,Medium
2025-01-01 21:00:00,5,HVAC,1.586230970884318,Medium
2025-01-01 22:00:00,5,Washing Machine,0.3045475967683301,Low
2025-01-01 23:00:00,5,Refrigerator,1.0163693716203435,Low
2025-01-01 00:00:00,5,Oven,0.7458441868431293,High
2025-01-01 01:00:00,5,Lighting,1.3880819842080034,High
2025-01-01 02:00:00,1,HVAC,1.9431019545512975,Low
2025-01-01 03:00:00,1,Washing Machine,0.454797100014803,Low
2025-01-01 04:00:00,1,Refrigerator,0.9932027425736655,High
2025-01-01 05:00:00,1,Oven,1.0034593913407872,Low
2025-01-01 06:00:00,1,Lighting,1.6639645256858728,Low
2025-01-01 07:00:00,2,HVAC,0.5550711350288855,Medium
2025-01-01 08:00:00,2,Washing Machine,1.4465877834331504,Medium
2025-01-01 09:00:00,2,Refrigerator,0.897671078734369,Medium
2025-01-01 10:00:00,2,Oven,1.1405701026836863,Medium
2025-01-01 11:00:00,2,Lighting,1.7794732959282138,Medium
2025-01-01 12:00:00,3,HVAC,0.8630576594690684,High
2025-01-01 13:00:00,3,Washing Machine,0.6656915531388763,Low
2025-01-01 14:00:00,3,Refrigerator,0.8693373125418608,Low
2025-01-01 15:00:00,3,Oven,1.3950460192753085,Low
2025-01-01 16:00:00,3,Lighting,0.5296523606948171,Medium
2025-01-01 17:00:00,4,HVAC,1.0227726753729192,Low
2025-01-01 18:00:00,4,Washing Machine,0.5856847349976974,Low
2025-01-01 19:00:00,4,Refrigerator,1.8485520805481985,High
2025-01-01 20:00:00,4,Oven,1.514058353315567,Low
2025-01-01 21:00:00,4,Lighting,0.8341168939637906,Low
2025-01-01 22:00:00,5,HVAC,1.9040800855702837,High
2025-01-01 23:00:00,5,Washing Machine,1.9038108846959476,Low
2025-01-01 00:00:00,5,Refrigerator,1.0454193747151095,High
2025-01-01 01:00:00,5,Oven,1.7966430332281935,Medium
2025-01-01 02:00:00,5,Lighting,1.119466358746033,High
2025-01-01 03:00:00,1,HVAC,0.6161164897460589,High
2025-01-01 04:00:00,1,Washing Machine,1.4347628250245748,High
2025-01-01 05:00:00,1,Refrigerator,0.3477049554486522,Low
2025-01-01 06:00:00,1,Oven,0.3130586318976568,High
2025-01-01 07:00:00,1,Lighting,0.10408349984474281,High
2025-01-01 08:00:00,2,HVAC,1.0333702448083262,High
2025-01-01 09:00:00,2,Washing Machine,1.591700739645504,High
2025-01-01 10:00:00,2,Refrigerator,0.4712342773795517,High
2025-01-01 11:00:00,2,Oven,1.7368784084069802,High
2025-01-01 12:00:00,2,Lighting,0.12470968731084837,Medium
2025-01-01 13:00:00,3,HVAC,1.2927695427391788,Medium
2025-01-01 14:00:00,3,Washing Machine,0.6091399330932017,Medium
2025-01-01 15:00:00,3,Refrigerator,1.5487230751303331,Low
2025-01-01 16:00:00,3,Oven,1.5852884252081587,Low
2025-01-01 17:00:00,3,Lighting,1.3237688116373043,Medium
2025-01-01 18:00:00,4,HVAC,1.566105513295333,High
2025-01-01 19:00:00,4,Washing Machine,0.9408043373992275,Low
2025-01-01 20:00:00,4,Refrigerator,1.1709852607411388,Medium
2025-01-01 21:00:00,4,Oven,1.2633784007481232,High
2025-01-01 22:00:00,4,Lighting,1.117436940666097,Medium
2025-01-01 23:00:00,5,HVAC,1.3689306180875924,High
2025-01-01 00:00:00,5,Washing Machine,0.1993586801868164,High
2025-01-01 01:00:00,5,Refrigerator,1.9967282261447412,High
2025-01-01 02:00:00,5,Oven,1.3519470808662901,High
2025-01-01 03:00:00,5,Lighting,0.5585055764906698,High
2025-01-01 04:00:00,1,HVAC,0.20608336383735082,Medium
2025-01-01 05:00:00,1,Washing Machine,1.6412831579543572,High
2025-01-01 06:00:00,1,Refrigerator,1.3708205498256323,Medium
2025-01-01 07:00:00,1,Oven,0.5201501631048008,High
2025-01-01 08:00:00,1,Lighting,0.6770153552827453,Low
2025-01-01 09:00:00,2,HVAC,1.4089375361105234,Low
2025-01-01 10:00:00,2,Washing Machine,1.6977894590140703,Medium
2025-01-01 11:00:00,2,Refrigerator,0.17122686556170247,Medium
2025-01-01 12:00:00,2,Oven,1.700808903721318,Medium
2025-01-01 13:00:00,2,Lighting,0.6235499728800997,Low
2025-01-01 14:00:00,3,HVAC,0.15500696663681673,Medium
2025-01-01 15:00:00,3,Washing Machine,0.6236980066643812,Low
2025-01-01 16:00:00,3,Refrigerator,1.5747492958670242,Low
2025-01-01 17:00:00,3,Oven,0.502151066256865,Low
2025-01-01 18:00:00,3,Lighting,1.5912578648029563,High
2025-01-01 19:00:00,4,HVAC,1.982241722546352,High
2025-01-01 20:00:00,4,Washing Machine,1.255947188449038,Low
2025-01-01 21:00:00,4,Refrigerator,0.3012836255301268,High
2025-01-01 22:00:00,4,Oven,0.6191444516254238,Low
2025-01-01 23:00:00,4,Lighting,0.485738424398651,Low
2025-01-01 00:00:00,5,HVAC,1.3388415098048974,Low
2025-01-01 01:00:00,5,Washing Machine,1.499164894118809,High
2025-01-01 02:00:00,5,Refrigerator,1.030460479235333,Low
2025-01-01 03:00:00,5,Oven,0.16367613675157083,Medium
2025-01-01 04:00:00,5,Lighting,0.8247999856216564,Low
2025-01-01 05:00:00,1,HVAC,0.4827137245919394,Medium
2025-01-01 06:00:00,1,Washing Machine,0.528773758705241,High
2025-01-01 07:00:00,1,Refrigerator,1.8825724840750864,High
2025-01-01 08:00:00,1,Oven,1.1721916827437426,Medium
2025-01-01 09:00:00,1,Lighting,1.7468189085486976,High
2025-01-01 10:00:00,2,HVAC,1.8082858211627721,High
2025-01-01 11:00:00,2,Washing Machine,1.9628941230271701,Low
2025-01-01 12:00:00,2,Refrigerator,0.7263351150312672,Low
2025-01-01 13:00:00,2,Oven,1.9011864900265705,High
2025-01-01 14:00:00,2,Lighting,1.5964643076894933,High
2025-01-01 15:00:00,3,HVAC,0.8046477827595173,High
2025-01-01 16:00:00,3,Washing Machine,1.578048085859533,Low
2025-01-01 17:00:00,3,Refrigerator,0.7023758315437996,Low
2025-01-01 18:00:00,3,Oven,0.7634440493900463,Low
2025-01-01 19:00:00,3,Lighting,0.4296100795989929,High
2025-01-01 20:00:00,4,HVAC,1.7181278452975106,Low
2025-01-01 21:00:00,4,Washing Machine,0.17842708558311088,Medium
2025-01-01 22:00:00,4,Refrigerator,1.1739116487623569,Low
2025-01-01 23:00:00,4,Oven,1.1463965789774222,Low
2025-01-01 00:00:00,4,Lighting,1.4751804432524995,Medium
2025-01-01 01:00:00,5,HVAC,1.8905349786901697,Low
2025-01-01 02:00:00,5,Washing Machine,1.011819469937547,Medium
2025-01-01 03:00:00,5,Refrigerator,1.5307410823530418,Low
2025-01-01 04:00:00,5,Oven,1.2482831586613559,Medium
2025-01-01 05:00:00,5,Lighting,0.8931491084298672,Low
2025-01-01 06:00:00,1,HVAC,0.1265680697526681,Low
2025-01-01 07:00:00,1,Washing Machine,1.2176682282556444,Low
2025-01-01 08:00:00,1,Refrigerator,1.746441188444285,Low
2025-01-01 09:00:00,1,Oven,0.27996185517381494,High
2025-01-01 10:00:00,1,Lighting,1.5080675064596916,High
2025-01-01 11:00:00,2,HVAC,0.4488019401863952,Medium
2025-01-01 12:00:00,2,Washing Machine,0.2163761436631741,Low
2025-01-01 13:00:00,2,Refrigerator,1.9469305961004155,Low
2025-01-01 14:00:00,2,Oven,1.394979751189614,Medium
2025-01-01 15:00:00,2,Lighting,0.888572851308721,High
2025-01-01 16:00:00,3,HVAC,0.6683312636192057,Medium
2025-01-01 17:00:00,3,Washing Machine,0.7736612370868179,Medium
2025-01-01 18:00:00,3,Refrigerator,1.0346505639392294,Low
2025-01-01 19:00:00,3,Oven,1.3985647465540638,Medium
2025-01-01 20:00:00,3,Lighting,1.4353381044429752,High
2025-01-01 21:00:00,4,HVAC,1.084630149795139,Low
2025-01-01 22:00:00,4,Washing Machine,1.2759157473896985,Medium
2025-01-01 23:00:00,4,Refrigerator,1.124518232964769,Low
2025-01-01 00:00:00,4,Oven,1.9105419945264948,High
2025-01-01 01:00:00,4,Lighting,0.7352314528539263,High
2025-01-01 02:00:00,5,HVAC,1.2661940129032843,Medium
2025-01-01 03:00:00,5,Washing Machine,1.5927260146608635,High
2025-01-01 04:00:00,5,Refrigerator,1.546820584272486,High
2025-01-01 05:00:00,5,Oven,1.3863776021695462,High
2025-01-01 06:00:00,5,Lighting,0.6014475735648406,Medium
2025-01-01 07:00:00,1,HVAC,1.263797922704982,Low
2025-01-01 08:00:00,1,Washing Machine,0.6261687519307828,Low
2025-01-01 09:00:00,1,Refrigerator,1.2926712418407866,High
2025-01-01 10:00:00,1,Oven,0.5749306496759358,Medium
2025-01-01 11:00:00,1,Lighting,1.8914742364327926,Low
2025-01-01 12:00:00,2,HVAC,0.3088565485303334,Low
2025-01-01 13:00:00,2,Washing Machine,0.7987577090649308,Low
2025-01-01 14:00:00,2,Refrigerator,0.36861467976252804,High
2025-01-01 15:00:00,2,Oven,1.1770437053571408,Low
2025-01-01 16:00:00,2,Lighting,1.142359548631113,Low
2025-01-01 17:00:00,3,HVAC,1.2164292409756208,Low
2025-01-01 18:00:00,3,Washing Machine,1.2452871690793594,High
2025-01-01 19:00:00,3,Refrigerator,0.38850207110243384,High
2025-01-01 20:00:00,3,Oven,1.202400032270693,High
2025-01-01 21:00:00,3,Lighting,0.6796473674745024,Medium
2025-01-01 22:00:00,4,HVAC,0.8423446729297008,Medium
2025-01-01 23:00:00,4,Washing Machine,1.0968286030261514,Low
2025-01-01 00:00:00,4,Refrigerator,1.6623587747001556,Medium
2025-01-01 01:00:00,4,Oven,0.5808824265103288,Medium
2025-01-01 02:00:00,4,Lighting,1.5825077601141724,Medium
2025-01-01 03:00:00,5,HVAC,0.8651235707610322,Medium
2025-01-01 04:00:00,5,Washing Machine,0.17426652410582627,Medium
2025-01-01 05:00:00,5,Refrigerator,1.960334788738547,Medium
2025-01-01 06:00:00,5,Oven,0.5215398936196597,High
2025-01-01 07:00:00,5,Lighting,0.7600404267284033,High
2025-01-01 08:00:00,1,HVAC,1.5404530542765102,Medium
2025-01-01 09:00:00,1,Washing Machine,0.5443123622663463,High
2025-01-01 10:00:00,1,Refrigerator,1.6582081216654103,Medium
2025-01-01 11:00:00,1,Oven,0.6152022981234009,High
2025-01-01 12:00:00,1,Lighting,0.31689482199110075,High
2025-01-01 13:00:00,2,HVAC,0.34329264775610485,High
2025-01-01 14:00:00,2,Washing Machine,1.7446718362968936,High
2025-01-01 15:00:00,2,Refrigerator,1.2125835653948809,Low
2025-01-01 16:00:00,2,Oven,0.2945750333825382,Medium
2025-01-01 17:00:00,2,Lighting,0.5505424643399561,Medium
2025-01-01 18:00:00,3,HVAC,1.3697147214508902,Medium
2025-01-01 19:00:00,3,Washing Machine,0.7728086931861593,High
2025-01-01 20:00:00,3,Refrigerator,0.15655853504163544,Low
2025-01-01 21:00:00,3,Oven,1.8228610892803232,Medium
2025-01-01 22:00:00,3,Lighting,1.9655993514901153,Medium
2025-01-01 23:00:00,4,HVAC,1.9867300147760278,Low
2025-01-01 00:00:00,4,Washing Machine,0.5314835923340234,High
2025-01-01 01:00:00,4,Refrigerator,1.5725447580755618,Medium
2025-01-01 02:00:00,4,Oven,0.29479010960201135,Medium
2025-01-01 03:00:00,4,Lighting,0.25177798792840755,Medium
2025-01-01 04:00:00,5,HVAC,1.8619617849376717,High
2025-01-01 05:00:00,5,Washing Machine,1.0687408470181075,Medium
2025-01-01 06:00:00,5,Refrigerator,1.981612647617213,High
2025-01-01 07:00:00,5,Oven,0.9630688876350505,High
2025-01-01 08:00:00,5,Lighting,0.41802552145307836,Low
2025-01-01 09:00:00,1,HVAC,0.6774881943971499,High
2025-01-01 10:00:00,1,Washing Machine,0.1541964674028738,Medium
2025-01-01 11:00:00,1,Refrigerator,1.2059125438781424,Medium
2025-01-01 12:00:00,1,Oven,1.721234877862742,Low
2025-01-01 13:00:00,1,Lighting,1.226317234527602,High
2025-01-01 14:00:00,2,HVAC,0.8627915341223966,Medium
2025-01-01 15:00:00,2,Washing Machine,1.4117401604706854,Medium
2025-01-01 16:00:00,2,Refrigerator,1.6957277889217954,Medium
2025-01-01 17:00:00,2,Oven,1.6369833900521258,High
2025-01-01 18:00:00,2,Lighting,0.5645447275220142,High
2025-01-01 19:00:00,3,HVAC,0.2882952035454641,Low
2025-01-01 20:00:00,3,Washing Machine,1.401176109402135,Low
2025-01-01 21:00:00,3,Refrigerator,1.5971743957248674,High
2025-01-01 22:00:00,3,Oven,1.0385934827207948,Low
2025-01-01 23:00:00,3,Lighting,1.289791204735467,Medium
2025-01-01 00:00:00,4,HVAC,0.3854815009596402,Low
2025-01-01 01:00:00,4,Washing Machine,0.804725291509143,High
2025-01-01 02:00:00,4,Refrigerator,0.517704941412168,Medium
2025-01-01 03:00:00,4,Oven,1.5098207145173355,Low
2025-01-01 04:00:00,4,Lighting,1.80775111695338,High
2025-01-01 05:00:00,5,HVAC,1.4473110942991942,Low
2025-01-01 06:00:00,5,Washing Machine,1.1630025842876168,Medium
2025-01-01 07:00:00,5,Refrigerator,0.8910650398053348,High
2025-01-01 08:00:00,5,Oven,1.0590802876707985,Medium
2025-01-01 09:00:00,5,Lighting,1.050786372432497,Low
2025-01-01 10:00:00,1,HVAC,1.891201309830094,Low
2025-01-01 11:00:00,1,Washing Machine,0.3844923121572802,High
2025-01-01 12:00:00,1,Refrigerator,1.241230423479154,High
2025-01-01 13:00:00,1,Oven,0.909092928122508,Low
2025-01-01 14:00:00,1,Lighting,0.16844157346765531,High
2025-01-01 15:00:00,2,HVAC,0.5200151805801176,High
2025-01-01 16:00:00,2,Washing Machine,0.41851305016336615,Medium
2025-01-01 17:00:00,2,Refrigerator,1.2755076128452867,Low
2025-01-01 18:00:00,2,Oven,0.7398491974868086,Low
2025-01-01 19:00:00,2,Lighting,0.836430218972899,High
2025-01-01 20:00:00,3,HVAC,0.612193038402954,Low
2025-01-01 21:00:00,3,Washing Machine,0.939926294241139,High
2025-01-01 22:00:00,3,Refrigerator,0.24072345431100206,Low
2025-01-01 23:00:00,3,Oven,1.0576433528883433,High
2025-01-01 00:00:00,3,Lighting,1.2527346182564032,Medium
2025-01-01 01:00:00,4,HVAC,1.2463073798856326,Low
2025-01-01 02:00:00,4,Washing Machine,0.29983788793127353,Medium
2025-01-01 03:00:00,4,Refrigerator,1.6045385604583324,High
2025-01-01 04:00:00,4,Oven,0.9442190865894056,Low
2025-01-01 05:00:00,4,Lighting,1.2305802074895738,Medium
2025-01-01 06:00:00,5,HVAC,1.6230547124443369,High
2025-01-01 07:00:00,5,Washing Machine,1.717546829836289,Medium
2025-01-01 08:00:00,5,Refrigerator,0.8568941742520889,High
2025-01-01 09:00:00,5,Oven,1.0221333368686893,Medium
2025-01-01 10:00:00,5,Lighting,1.919642495699258,Medium
2025-01-01 11:00:00,1,HVAC,0.7833977421161927,Low
2025-01-01 12:00:00,1,Washing Machine,0.23654014273293375,High
2025-01-01 13:00:00,1,Refrigerator,1.1938782783848345,High
2025-01-01 14:00:00,1,Oven,1.0207938427558194,High
2025-01-01 15:00:00,1,Lighting,0.46252612417121464,Low
2025-01-01 16:00:00,2,HVAC,1.6457551779707977,High
2025-01-01 17:00:00,2,Washing Machine,0.5677092484401084,Medium
2025-01-01 18:00:00,2,Refrigerator,1.5050731473319325,High
2025-01-01 19:00:00,2,Oven,0.1354527332776815,High
2025-01-01 20:00:00,2,Lighting,0.11306790893292915,Low
2025-01-01 21:00:00,3,HVAC,0.12392344035907632,Low
2025-01-01 22:00:00,3,Washing Machine,1.9648279751882531,High
2025-01-01 23:00:00,3,Refrigerator,0.6779957705302424,Medium
2025-01-01 00:00:00,3,Oven,1.072385085020308,Medium
2025-01-01 01:00:00,3,Lighting,0.8120738790486716,High
2025-01-01 02:00:00,4,HVAC,1.65380338834644,High
2025-01-01 03:00:00,4,Washing Machine,0.730750124002677,Low
2025-01-01 04:00:00,4,Refrigerator,1.7821765206830313,Low
2025-01-01 05:00:00,4,Oven,0.3709732461896388,Medium
2025-01-01 06:00:00,4,Lighting,1.7032698559932795,Low
2025-01-01 07:00:00,5,HVAC,1.2317151094094478,Medium
2025-01-01 08:00:00,5,Washing Machine,1.6683727461432116,Medium
2025-01-01 09:00:00,5,Refrigerator,1.2247523097420037,High
2025-01-01 10:00:00,5,Oven,1.964198205976629,Low
2025-01-01 11:00:00,5,Lighting,0.4338336645481695,High
2025-01-01 12:00:00,1,HVAC,1.9916481219786055,Low
2025-01-01 13:00:00,1,Washing Machine,0.4430171328082485,Low
2025-01-01 14:00:00,1,Refrigerator,1.6331233855045872,Medium
2025-01-01 15:00:00,1,Oven,0.7419595951805681,Medium
2025-01-01 16:00:00,1,Lighting,0.2567388787748959,High
2025-01-01 17:00:00,2,HVAC,0.2168567252006531,Medium
2025-01-01 18:00:00,2,Washing Machine,1.361855259396311,Medium
2025-01-01 19:00:00,2,Refrigerator,1.2567499008730358,Medium
2025-01-01 20:00:00,2,Oven,1.1288839344508819,Low
2025-01-01 21:00:00,2,Lighting,0.3076012719579112,Medium
2025-01-01 22:00:00,3,HVAC,0.33894125648862905,Medium
2025-01-01 23:00:00,3,Washing Machine,1.7364194077568784,High
2025-01-01 00:00:00,3,Refrigerator,1.285888308302599,High
2025-01-01 01:00:00,3,Oven,1.7327694451032243,Low
2025-01-01 02:00:00,3,Lighting,0.8106536772343758,Low
2025-01-01 03:00:00,4,HVAC,1.0904622397276431,Low
2025-01-01 04:00:00,4,Washing Machine,1.8233843406926107,High
2025-01-01 05:00:00,4,Refrigerator,0.7504600984388929,High
2025-01-01 06:00:00,4,Oven,0.13883093829015275,High
2025-01-01 07:00:00,4,Lighting,1.5022956799239024,Medium
2025-01-01 08:00:00,5,HVAC,1.435613043020818,Medium
2025-01-01 09:00:00,5,Washing Machine,1.421197503537315,Low
2025-01-01 10:00:00,5,Refrigerator,0.7337432512449966,Low
2025-01-01 11:00:00,5,Oven,1.1562186239322956,High
2025-01-01 12:00:00,5,Lighting,1.4622646627739093,High
2025-01-01 13:00:00,1,HVAC,1.4208230694299886,Low
2025-01-01 14:00:00,1,Washing Machine,1.1217552824040138,High
2025-01-01 15:00:00,1,Refrigerator,1.432353859314901,High
2025-01-01 16:00:00,1,Oven,1.4330009773372234,Low
2025-01-01 17:00:00,1,Lighting,0.7472012776669342,High
2025-01-01 18:00:00,2,HVAC,0.7813977502772325,High
2025-01-01 19:00:00,2,Washing Machine,0.9811034394476185,Low
2025-01-01 20:00:00,2,Refrigerator,0.3119983830632237,Medium
2025-01-01 21:00:00,2,Oven,1.7585537816312853,High
2025-01-01 22:00:00,2,Lighting,0.8443869368459026,High
2025-01-01 23:00:00,3,HVAC,0.3647267077826646,Low
2025-01-01 00:00:00,3,Washing Machine,1.7497121753662785,Low
2025-01-01 01:00:00,3,Refrigerator,1.813461983801112,Low
2025-01-01 02:00:00,3,Oven,0.7995282415715197,Medium
2025-01-01 03:00:00,3,Lighting,1.991136502524359,High
2025-01-01 04:00:00,4,HVAC,1.78216783767939,Medium
2025-01-01 05:00:00,4,Washing Machine,1.8973776582775665,Medium
2025-01-01 06:00:00,4,Refrigerator,0.5269101362552102,Medium
2025-01-01 07:00:00,4,Oven,0.723629804256821,Medium
2025-01-01 08:00:00,4,Lighting,1.1351736962360264,Low
2025-01-01 09:00:00,5,HVAC,0.3552803538020419,Low
2025-01-01 10:00:00,5,Washing Machine,0.6007998261144204,Low
2025-01-01 11:00:00,5,Refrigerator,1.8899815060562057,Medium
2025-01-01 12:00:00,5,Oven,0.37641425477741197,Medium
2025-01-01 13:00:00,5,Lighting,1.233693742346599,High
2025-01-01 14:00:00,1,HVAC,0.30143380215373206,High
2025-01-01 15:00:00,1,Washing Machine,1.0410283817547568,Medium
2025-01-01 16:00:00,1,Refrigerator,0.8726336114858816,High
2025-01-01 17:00:00,1,Oven,0.8337135508468675,Medium
2025-01-01 18:00:00,1,Lighting,1.3827925479211458,Medium
2025-01-01 19:00:00,2,HVAC,0.5319223139005331,Low
2025-01-01 20:00:00,2,Washing Machine,1.8647122098749618,Medium
2025-01-01 21:00:00,2,Refrigerator,1.0604189804103854,Low
2025-01-01 22:00:00,2,Oven,1.7966268388803717,Medium
2025-01-01 23:00:00,2,Lighting,0.2106629017521524,Medium
2025-01-01 00:00:00,3,HVAC,1.9674223190860924,High
2025-01-01 01:00:00,3,Washing Machine,0.964950832916548,High
2025-01-01 02:00:00,3,Refrigerator,1.7868252006064302,Low
2025-01-01 03:00:00,3,Oven,1.7875857756617446,High
2025-01-01 04:00:00,3,Lighting,0.2346269331593743,High
2025-01-01 05:00:00,4,HVAC,0.7172951516719873,High
2025-01-01 06:00:00,4,Washing Machine,1.0676653013309905,Medium
2025-01-01 07:00:00,4,Refrigerator,0.2014711289323158,High
2025-01-01 08:00:00,4,Oven,0.7215341142478486,High
2025-01-01 09:00:00,4,Lighting,1.1229240936179454,Low
2025-01-01 10:00:00,5,HVAC,1.888177391796182,High
2025-01-01 11:00:00,5,Washing Machine,1.607366873139636,Low
2025-01-01 12:00:00,5,Refrigerator,1.5386409770592024,High
2025-01-01 13:00:00,5,Oven,1.40108528490445,High
2025-01-01 14:00:00,5,Lighting,0.3003394538470326,High
2025-01-01 15:00:00,1,HVAC,1.9198330839365514,Low
2025-01-01 16:00:00,1,Washing Machine,0.12717567546209105,High
2025-01-01 17:00:00,1,Refrigerator,0.2604953142632903,High
2025-01-01 18:00:00,1,Oven,1.4639177280623392,Low
2025-01-01 19:00:00,1,Lighting,1.2665864880667717,Low
2025-01-01 20:00:00,2,HVAC,0.4982520774539113,Low
2025-01-01 21:00:00,2,Washing Machine,1.3879052057496482,Low
2025-01-01 22:00:00,2,Refrigerator,0.8529249169860381,Medium
2025-01-01 23:00:00,2,Oven,1.7760671105945685,Medium
2025-01-01 00:00:00,2,Lighting,1.0392511445881951,High
2025-01-01 01:00:00,3,HVAC,1.2509915840464456,Low
2025-01-01 02:00:00,3,Washing Machine,1.1440721760877786,Medium
2025-01-01 03:00:00,3,Refrigerator,1.3489819183360827,Low
2025-01-01 04:00:00,3,Oven,1.7868981380189313,High
2025-01-01 05:00:00,3,Lighting,0.6718757009736497,Low
2025-01-01 06:00:00,4,HVAC,1.1474639704040626,High
2025-01-01 07:00:00,4,Washing Machine,0.5403805639979956,Low
2025-01-01 08:00:00,4,Refrigerator,0.42944282241380827,High
2025-01-01 09:00:00,4,Oven,0.49622767986012106,Medium
2025-01-01 10:00:00,4,Lighting,1.3012813128430585,Low
2025-01-01 11:00:00,5,HVAC,1.4337830536360017,High
2025-01-01 12:00:00,5,Washing Machine,1.3690064376986062,Low
2025-01-01 13:00:00,5,Refrigerator,1.2544657823411405,Low
2025-01-01 14:00:00,5,Oven,0.13356645218714075,Low
2025-01-01 15:00:00,5,Lighting,1.9145500510211249,Medium
2025-01-01 16:00:00,1,HVAC,0.4408836820118125,High
2025-01-01 17:00:00,1,Washing Machine,1.7373797139232832,Medium
2025-01-01 18:00:00,1,Refrigerator,0.17482096871168254,Medium
2025-01-01 19:00:00,1,Oven,1.1748623937972311,Medium
2025-01-01 20:00:00,1,Lighting,0.4960407412158283,High
2025-01-01 21:00:00,2,HVAC,0.5721750240410083,High
2025-01-01 22:00:00,2,Washing Machine,1.5565041722367194,Low
2025-01-01 23:00:00,2,Refrigerator,0.18997796304593434,High
2025-01-01 00:00:00,2,Oven,1.4947772947716382,Medium
2025-01-01 01:00:00,2,Lighting,0.9576167251011065,Low
2025-01-01 02:00:00,3,HVAC,0.93724484413531,Medium
2025-01-01 03:00:00,3,Washing Machine,1.8737864367649546,Medium
2025-01-01 04:00:00,3,Refrigerator,0.4675878482428808,Low
2025-01-01 05:00:00,3,Oven,1.004258156799924,Low
2025-01-01 06:00:00,3,Lighting,1.1559220969637196,Medium
2025-01-01 07:00:00,4,HVAC,1.3293019278226552,High
2025-01-01 08:00:00,4,Washing Machine,0.9312394749770937,Medium
2025-01-01 09:00:00,4,Refrigerator,1.0194792339094298,High
2025-01-01 10:00:00,4,Oven,1.8112458828460027,High
2025-01-01 11:00:00,4,Lighting,1.4425317012178027,Medium
2025-01-01 12:00:00,5,HVAC,0.8379282675602461,High
2025-01-01 13:00:00,5,Washing Machine,0.4218757404546536,High
2025-01-01 14:00:00,5,Refrigerator,0.7344171734518621,Low
2025-01-01 15:00:00,5,Oven,1.5368746896977807,Low
2025-01-01 16:00:00,5,Lighting,1.0482064637253583,High
2025-01-01 17:00:00,1,HVAC,0.972826245443384,High
2025-01-01 18:00:00,1,Washing Machine,1.6741965988098622,High
2025-01-01 19:00:00,1,Refrigerator,1.9292142240376189,Low
2025-01-01 20:00:00,1,Oven,1.1483038812181166,High
2025-01-01 21:00:00,1,Lighting,1.971834384812051,High
2025-01-01 22:00:00,2,HVAC,1.1395972653322675,Medium
2025-01-01 23:00:00,2,Washing Machine,1.0423527818361003,Medium
2025-01-01 00:00:00,2,Refrigerator,1.2661904137067272,Low
2025-01-01 01:00:00,2,Oven,0.4696398870742139,Medium
2025-01-01 02:00:00,2,Lighting,1.2698142788176603,Medium
2025-01-01 03:00:00,3,HVAC,1.7779501414696877,High
2025-01-01 04:00:00,3,Washing Machine,1.4152698712594396,Medium
2025-01-01 05:00:00,3,Refrigerator,0.6514759345662802,Medium
2025-01-01 06:00:00,3,Oven,0.935839388086848,Medium
2025-01-01 07:00:00,3,Lighting,0.3686121972009492,Low
2025-01-01 08:00:00,4,HVAC,0.7618433451829489,Low
2025-01-01 09:00:00,4,Washing Machine,0.5038434582183621,High
2025-01-01 10:00:00,4,Refrigerator,1.5816000052706234,Medium
2025-01-01 11:00:00,4,Oven,0.8590034156410533,Low
2025-01-01 12:00:00,4,Lighting,1.9317521639461792,Low
2025-01-01 13:00:00,5,HVAC,1.4085160261270904,Medium
2025-01-01 14:00:00,5,Washing Machine,0.41307509416392096,High
2025-01-01 15:00:00,5,Refrigerator,1.578325922978975,Low
2025-01-01 16:00:00,5,Oven,0.5600373578011737,High
2025-01-01 17:00:00,5,Lighting,1.2934425266268448,Medium
2025-01-01 18:00:00,1,HVAC,1.3355167878170986,High
2025-01-01 19:00:00,1,Washing Machine,1.7469713365209165,Low
2025-01-01 20:00:00,1,Refrigerator,0.4833216623938087,Medium
2025-01-01 21:00:00,1,Oven,1.709668940442759,Medium
2025-01-01 22:00:00,1,Lighting,1.997566604125423,Medium
2025-01-01 23:00:00,2,HVAC,1.903148759365026,Low
2025-01-01 00:00:00,2,Washing Machine,0.17592105004365827,Low
2025-01-01 01:00:00,2,Refrigerator,0.640915884343045,Medium
2025-01-01 02:00:00,2,Oven,1.1353955551535433,Low
2025-01-01 03:00:00,2,Lighting,1.7387876618274363,Low
2025-01-01 04:00:00,3,HVAC,1.235675797378012,Medium
2025-01-01 05:00:00,3,Washing Machine,0.2726591551972505,Medium
2025-01-01 06:00:00,3,Refrigerator,0.9087624574632412,Medium
2025-01-01 07:00:00,3,Oven,1.4499538526986238,High
2025-01-01 08:00:00,3,Lighting,0.4848858278327913,Low
2025-01-01 09:00:00,4,HVAC,1.421602349748793,Medium
2025-01-01 10:00:00,4,Washing Machine,0.31497823177359263,Low
2025-01-01 11:00:00,4,Refrigerator,1.4332341870017176,Medium
2025-01-01 12:00:00,4,Oven,1.704094178474217,Medium
2025-01-01 13:00:00,4,Lighting,0.5516945202948081,Low
2025-01-01 14:00:00,5,HVAC,1.0992900398984036,Low
2025-01-01 15:00:00,5,Washing Machine,0.8661617859141046,Low
2025-01-01 16:00:00,5,Refrigerator,1.0353529044247485,Low
2025-01-01 17:00:00,5,Oven,1.873993506148206,Medium
2025-01-01 18:00:00,5,Lighting,0.8606612483187149,Low
2025-01-01 19:00:00,1,HVAC,1.8054874634740827,Medium
2025-01-01 20:00:00,1,Washing Machine,0.27867373558022274,Low
2025-01-01 21:00:00,1,Refrigerator,1.2631616225379987,Medium
2025-01-01 22:00:00,1,Oven,0.7518345709107653,High
2025-01-01 23:00:00,1,Lighting,1.9109051020780776,Low
2025-01-01 00:00:00,2,HVAC,1.968316937525314,Low
2025-01-01 01:00:00,2,Washing Machine,1.4462502062915592,Low
2025-01-01 02:00:00,2,Refrigerator,1.1294510877311827,Medium
2025-01-01 03:00:00,2,Oven,0.2806978339514735,Medium
2025-01-01 04:00:00,2,Lighting,1.5000229659774273,High
2025-01-01 05:00:00,3,HVAC,1.4320552299607623,Medium
2025-01-01 06:00:00,3,Washing Machine,0.5775117140206872,High
2025-01-01 07:00:00,3,Refrigerator,1.2131989814552815,Medium
2025-01-01 08:00:00,3,Oven,1.0558375108931461,Medium
2025-01-01 09:00:00,3,Lighting,1.2752927637075688,Medium
2025-01-01 10:00:00,4,HVAC,0.30100417068561414,High
2025-01-01 11:00:00,4,Washing Machine,1.0128942457726497,High
2025-01-01 12:00:00,4,Refrigerator,1.5566602506798415,Low
2025-01-01 13:00:00,4,Oven,1.0802367527225156,High
2025-01-01 14:00:00,4,Lighting,1.7218051716366318,Low
2025-01-01 15:00:00,5,HVAC,1.267366124511598,Medium
2025-01-01 16:00:00,5,Washing Machine,1.8215987527680626,Medium
2025-01-01 17:00:00,5,Refrigerator,1.448009543139043,Low
2025-01-01 18:00:00,5,Oven,0.7393789019394835,Low
2025-01-01 19:00:00,5,Lighting,0.6557166053417751,Low
2025-01-01 20:00:00,1,HVAC,0.8891105653961509,Medium
2025-01-01 21:00:00,1,Washing Machine,1.7123252649569207,High
2025-01-01 22:00:00,1,Refrigerator,1.4013110321605307,High
2025-01-01 23:00:00,1,Oven,0.8126661028360667,High
2025-01-01 00:00:00,1,Lighting,1.371030126382906,Low
2025-01-01 01:00:00,2,HVAC,0.2045050780414319,High
2025-01-01 02:00:00,2,Washing Machine,0.5450696582498762,Low
2025-01-01 03:00:00,2,Refrigerator,0.5518669560878885,Medium
2025-01-01 04:00:00,2,Oven,1.2239370660683149,Medium
2025-01-01 05:00:00,2,Lighting,1.6242747658349401,Medium
2025-01-01 06:00:00,3,HVAC,0.5499075979141921,Medium
2025-01-01 07:00:00,3,Washing Machine,0.25307887915613675,Low
2025-01-01 08:00:00,3,Refrigerator,0.39506829487721196,Medium
2025-01-01 09:00:00,3,Oven,0.9784189601959227,Low
2025-01-01 10:00:00,3,Lighting,0.9154078332154297,High
2025-01-01 11:00:00,4,HVAC,1.731495447932378,Low
2025-01-01 12:00:00,4,Washing Machine,1.3390594220115872,Low
2025-01-01 13:00:00,4,Refrigerator,1.1231531164349386,High
2025-01-01 14:00:00,4,Oven,0.6423315305756332,High
2025-01-01 15:00:00,4,Lighting,0.790956082235935,Low
2025-01-01 16:00:00,5,HVAC,1.9658553405422023,High
2025-01-01 17:00:00,5,Washing Machine,1.160202279650145,Medium
2025-01-01 18:00:00,5,Refrigerator,0.6958945567416548,Medium
2025-01-01 19:00:00,5,Oven,0.16695505396930474,High
2025-01-01 20:00:00,5,Lighting,1.7702728963806031,Low
2025-01-01 21:00:00,1,HVAC,0.3065864561516514,High
2025-01-01 22:00:00,1,Washing Machine,1.4856045029617706,High
2025-01-01 23:00:00,1,Refrigerator,1.288482374743134,Low
2025-01-01 00:00:00,1,Oven,1.9465428490805365,Low
2025-01-01 01:00:00,1,Lighting,0.3731564631537201,Medium
2025-01-01 02:00:00,2,HVAC,0.701328208947472,High
2025-01-01 03:00:00,2,Washing Machine,0.36853772041909993,Medium
2025-01-01 04:00:00,2,Refrigerator,0.7967377922088675,High
2025-01-01 05:00:00,2,Oven,0.815955679896741,High
2025-01-01 06:00:00,2,Lighting,0.6841925445896785,Low
2025-01-01 07:00:00,3,HVAC,0.23366082809487473,High
2025-01-01 08:00:00,3,Washing Machine,0.89428843019548,Low
2025-01-01 09:00:00,3,Refrigerator,1.3439308442856512,Medium
2025-01-01 10:00:00,3,Oven,0.3667747132245278,High
2025-01-01 11:00:00,3,Lighting,0.5571028994706597,High
2025-01-01 12:00:00,4,HVAC,0.973091757460481,High
2025-01-01 13:00:00,4,Washing Machine,0.36889534784996936,Low
2025-01-01 14:00:00,4,Refrigerator,1.9586331579797571,High
2025-01-01 15:00:00,4,Oven,1.688602724191556,High
2025-01-01 16:00:00,4,Lighting,1.2971453292409552,Medium
2025-01-01 17:00:00,5,HVAC,1.1914364218959916,Medium
2025-01-01 18:00:00,5,Washing Machine,1.9346037612291183,High
2025-01-01 19:00:00,5,Refrigerator,0.8747981103289896,Low
2025-01-01 20:00:00,5,Oven,0.6246461735271439,High
2025-01-01 21:00:00,5,Lighting,0.25332154401134843,Medium
2025-01-01 22:00:00,1,HVAC,1.5466466628702842,Low
2025-01-01 23:00:00,1,Washing Machine,1.5439315233005806,Medium
2025-01-01 00:00:00,1,Refrigerator,1.4941550553849523,Low
2025-01-01 01:00:00,1,Oven,1.602829297735632,Low
2025-01-01 02:00:00,1,Lighting,1.6803118366078797,Low
2025-01-01 03:00:00,2,HVAC,1.4196015662579682,Medium
2025-01-01 04:00:00,2,Washing Machine,0.42868878840470537,High
2025-01-01 05:00:00,2,Refrigerator,1.9299506380227207,Low
2025-01-01 06:00:00,2,Oven,0.8239615672073705,Medium
2025-01-01 07:00:00,2,Lighting,1.532108843101316,Low
2025-01-01 08:00:00,3,HVAC,1.790681532113941,Low
2025-01-01 09:00:00,3,Washing Machine,0.2584139289156355,Medium
2025-01-01 10:00:00,3,Refrigerator,1.2534927878824567,High
2025-01-01 11:00:00,3,Oven,1.2055140518537,Low
2025-01-01 12:00:00,3,Lighting,1.736353622249543,Low
2025-01-01 13:00:00,4,HVAC,0.4342088720582695,Low
2025-01-01 14:00:00,4,Washing Machine,1.3773031949175487,High
2025-01-01 15:00:00,4,Refrigerator,1.269584022378019,Medium
2025-01-01 16:00:00,4,Oven,1.2241345321107264,Medium
2025-01-01 17:00:00,4,Lighting,0.846534422290076,High
2025-01-01 18:00:00,5,HVAC,1.314849505109179,High
2025-01-01 19:00:00,5,Washing Machine,0.31519875860753654,High
2025-01-01 20:00:00,5,Refrigerator,1.9796047385525541,Medium
2025-01-01 21:00:00,5,Oven,0.5401926095452625,Low
2025-01-01 22:00:00,5,Lighting,1.6911587621794633,High
2025-01-01 23:00:00,1,HVAC,1.77277969856021,Medium
2025-01-01 00:00:00,1,Washing Machine,0.7993307726729327,Medium
2025-01-01 01:00:00,1,Refrigerator,1.8502301833941717,Low
2025-01-01 02:00:00,1,Oven,0.2619390995489571,Medium
2025-01-01 03:00:00,1,Lighting,1.3957622267513095,High
2025-01-01 04:00:00,2,HVAC,1.9399486167481748,High
2025-01-01 05:00:00,2,Washing Machine,0.6596682247097134,Low
2025-01-01 06:00:00,2,Refrigerator,0.5242622636404518,Low
2025-01-01 07:00:00,2,Oven,0.1705446373023562,High
2025-01-01 08:00:00,2,Lighting,0.2635622724574409,High
2025-01-01 09:00:00,3,HVAC,0.1502048186180544,Low
2025-01-01 10:00:00,3,Washing Machine,1.1083056469020571,High
2025-01-01 11:00:00,3,Refrigerator,1.5403482591520106,Low
2025-01-01 12:00:00,3,Oven,0.8294547695262042,Medium
2025-01-01 13:00:00,3,Lighting,1.656108401057901,High
2025-01-01 14:00:00,4,HVAC,1.0582418448912334,Low
2025-01-01 15:00:00,4,Washing Machine,1.42108063539768,Low
2025-01-01 16:00:00,4,Refrigerator,1.3022037897428365,Low
2025-01-01 17:00:00,4,Oven,1.133951733782723,High
2025-01-01 18:00:00,4,Lighting,1.1054071946096165,High
2025-01-01 19:00:00,5,HVAC,1.454710977397704,Medium
2025-01-01 20:00:00,5,Washing Machine,1.191797139208254,High
2025-01-01 21:00:00,5,Refrigerator,1.24740492865402,Medium
2025-01-01 22:00:00,5,Oven,0.463977935212466,High
2025-01-01 23:00:00,5,Lighting,0.6946613562359781,Medium
